sex,total_participation,medals_won,medal_efficiency
F,74522,11253,0.15100238855639944
M,196594,28530,0.14512141774418344
